{
  "coil": {
    "r_m": 0.2,
    "N": 400,
    "wire_d_m": 0.00063,
    "L_H": 0.2627051670366194,
    "R_cu_Ohm": 27.089947089947092
  },
  "RL_Ohm": 10.0,
  "R_series_Ohm": 37.08994708994709,
  "bands": {
    "f1_Hz": 420.0,
    "C1_E12_F": 5.599999999999999e-07,
    "f2_Hz": 679.5742752749559,
    "C2_E12_F": 2.2e-07,
    "f3_Hz": 1099.5742752749559,
    "C3_E12_F": 8.199999999999999e-08
  },
  "peaks": {
    "band1_420Hz_E12": {
      "f0_center_Hz": 420.0,
      "C_E12_F": 5.599999999999999e-07,
      "f_peak_Hz": 414.9666527719883,
      "V_RL_peak_norm": 0.26961439001522847
    },
    "band2_phi420Hz_E12": {
      "f0_center_Hz": 679.5742752749559,
      "C_E12_F": 2.2e-07,
      "f_peak_Hz": 662.082107080613,
      "V_RL_peak_norm": 0.269611370862296
    },
    "band3_phi2_420Hz_E12": {
      "f0_center_Hz": 1099.5742752749559,
      "C_E12_F": 8.199999999999999e-08,
      "f_peak_Hz": 1084.3342399882147,
      "V_RL_peak_norm": 0.2696131893069875
    }
  },
  "artifacts": {}
}